{
  "_fv": 34,
  "_type": "potioneffect",
  "definition": {
    "effectName": "Adrenaline",
    "icon": "fdsadsasda.png",
    "color": {
      "value": -6681074,
      "falpha": 0.0
    },
    "isInstant": false,
    "isBad": false,
    "isBenefitical": true,
    "renderStatusInInventory": true,
    "renderStatusInHUD": true,
    "onStarted": {
      "name": "AdrenalineRushPotionEffectEffectStartedapplied"
    },
    "onActiveTick": {
      "name": "AdrenalineRushPotionEffectOnEffectActiveTick"
    }
  }
}