{
  "_fv": 34,
  "_type": "armor",
  "definition": {
    "enableHelmet": false,
    "textureHelmet": "",
    "enableBody": true,
    "textureBody": "mechanicalarmour_body",
    "enableLeggings": false,
    "textureLeggings": "",
    "enableBoots": false,
    "textureBoots": "",
    "creativeTab": {
      "value": "COMBAT"
    },
    "armorTextureFile": "mechanicalarmour",
    "helmetName": "Alluah Akbar Armour Helmet",
    "bodyName": "Tnt Chestplate",
    "leggingsName": "Alluah Akbar Armour Leggings",
    "bootsName": "Alluah Akbar Armour Boots",
    "helmetSpecialInfo": [],
    "bodySpecialInfo": [
      "God Is The Greatest",
      "The Only Phrase You Hear..."
    ],
    "leggingsSpecialInfo": [],
    "bootsSpecialInfo": [],
    "helmetModelName": "Default",
    "helmetModelPart": "Helmet",
    "helmetModelTexture": "From armor",
    "bodyModelName": "Default",
    "bodyModelPart": "Body",
    "armsModelPartL": "Arms L",
    "armsModelPartR": "Arms R",
    "bodyModelTexture": "From armor",
    "leggingsModelName": "Default",
    "leggingsModelPartL": "Leggings L",
    "leggingsModelPartR": "Leggings R",
    "leggingsModelTexture": "From armor",
    "bootsModelName": "Default",
    "bootsModelPartL": "Boots L",
    "bootsModelPartR": "Boots R",
    "bootsModelTexture": "From armor",
    "helmetImmuneToFire": false,
    "bodyImmuneToFire": false,
    "leggingsImmuneToFire": false,
    "bootsImmuneToFire": false,
    "maxDamage": 25,
    "damageValueHelmet": 0,
    "damageValueBody": 5,
    "damageValueLeggings": 0,
    "damageValueBoots": 0,
    "enchantability": 0,
    "toughness": 0.0,
    "knockbackResistance": 2.0,
    "equipSound": {
      "value": ""
    },
    "repairItems": [
      {
        "value": "Blocks.TNT"
      }
    ]
  }
}