{
  "_fv": 34,
  "_type": "armor",
  "definition": {
    "enableHelmet": true,
    "textureHelmet": "placeholderhelmet",
    "enableBody": true,
    "textureBody": "placeholderchestplate",
    "enableLeggings": true,
    "textureLeggings": "placeholderpants",
    "enableBoots": true,
    "textureBoots": "placeholderboots",
    "onBodyTick": {
      "name": "AncientArmorBodyTickEvent"
    },
    "onLeggingsTick": {
      "name": "AncientArmorLeggingsTickEvent"
    },
    "onBootsTick": {
      "name": "AncientArmorBootsTickEvent"
    },
    "creativeTab": {
      "value": "COMBAT"
    },
    "armorTextureFile": "placeholder12",
    "helmetName": "§1 Ancient Helm",
    "bodyName": "§1 Ancient BreastPlate",
    "leggingsName": "§1 Ancient Greaves",
    "bootsName": "§1 Ancient Footguards",
    "helmetSpecialInfo": [
      "§1 You Somehow Feel More Controlled With This  On",
      "§1 The Helm Yearns For The Other Peices..."
    ],
    "bodySpecialInfo": [
      "§1 You Somehow Feel Safer With This On",
      "§1 The BreastPlating Yearns For The Other  Peices..."
    ],
    "leggingsSpecialInfo": [
      "§1 You Somehow Feel The Otherworldly Laughter Of The Ancients",
      "§1 The Greaves Yearns For The Other Peices..."
    ],
    "bootsSpecialInfo": [
      "§1 You Somehow Feel A Mysterious Boost Ready To  Burst Out At Any Moment",
      "§1 The Footguards Yearns For The Other Peices..."
    ],
    "helmetModelName": "Default",
    "helmetModelPart": "Helmet",
    "helmetModelTexture": "From armor",
    "bodyModelName": "Default",
    "bodyModelPart": "Body",
    "armsModelPartL": "Arms L",
    "armsModelPartR": "Arms R",
    "bodyModelTexture": "From armor",
    "leggingsModelName": "Default",
    "leggingsModelPartL": "Leggings L",
    "leggingsModelPartR": "Leggings R",
    "leggingsModelTexture": "From armor",
    "bootsModelName": "Default",
    "bootsModelPartL": "Boots L",
    "bootsModelPartR": "Boots R",
    "bootsModelTexture": "From armor",
    "helmetImmuneToFire": true,
    "bodyImmuneToFire": true,
    "leggingsImmuneToFire": true,
    "bootsImmuneToFire": true,
    "maxDamage": 25,
    "damageValueHelmet": 2,
    "damageValueBody": 7,
    "damageValueLeggings": 6,
    "damageValueBoots": 2,
    "enchantability": 13,
    "toughness": 1.0,
    "knockbackResistance": 0.0,
    "equipSound": {
      "value": "item.armor.equip_generic"
    },
    "repairItems": [
      {
        "value": "Items.ECHO_SHARD"
      }
    ]
  }
}