{
  "_fv": 34,
  "_type": "recipe",
  "definition": {
    "recipeType": "Crafting",
    "xpReward": 0.0,
    "cookingTime": 200,
    "recipeRetstackSize": 1,
    "group": "",
    "recipeShapeless": false,
    "recipeSlots": [
      {
        "value": "Items.ECHO_SHARD"
      },
      {
        "value": "CUSTOM:EchoIngot"
      },
      {
        "value": "Items.ECHO_SHARD"
      },
      {
        "value": "Items.DIAMOND"
      },
      {
        "value": "Items.IRON_LEGGINGS"
      },
      {
        "value": "Items.DIAMOND"
      },
      {
        "value": "Items.ECHO_SHARD"
      },
      {
        "value": ""
      },
      {
        "value": "Items.ECHO_SHARD"
      }
    ],
    "recipeReturnStack": {
      "value": "CUSTOM:AncientArmor.legs"
    },
    "name": "ancient_armor_leggings_recipe",
    "namespace": "mod"
  }
}