{
  "_fv": 34,
  "_type": "rangeditem",
  "definition": {
    "renderType": 0,
    "texture": "bow",
    "customModelName": "Normal",
    "name": "Ancient Bow Explosive",
    "specialInfo": [
      "§1 Arrows Put In Turn Into Explosive Ones"
    ],
    "creativeTab": {
      "value": "COMBAT"
    },
    "stackSize": 1,
    "ammoItem": {
      "value": "Items.ARROW"
    },
    "shootConstantly": false,
    "usageCount": 512,
    "actionSound": {
      "value": "entity.arrow.shoot"
    },
    "hasGlow": false,
    "animation": "bow",
    "enableMeleeDamage": false,
    "damageVsEntity": 0.0,
    "onRangedItemUsed": {
      "name": "AncientBowExplosiveRangedItemUsed"
    },
    "bulletPower": 1.125,
    "bulletDamage": 2.0,
    "bulletKnockback": 2,
    "bulletParticles": true,
    "bulletIgnitesFire": false,
    "bulletItemTexture": {
      "value": "Items.ARROW"
    },
    "bulletModel": "Default",
    "customBulletModelTexture": "spectral_arrow.png",
    "onBulletHitsBlock": {
      "name": "AncientBowExplosiveProjectileHitsBlock"
    },
    "onBulletHitsPlayer": {
      "name": "AncientBowExplosiveProjectileHitsLivingEntity"
    },
    "onBulletHitsEntity": {
      "name": "AncientBowExplosiveProjectileHitsLivingEntity"
    }
  }
}