{
  "_fv": 34,
  "_type": "tool",
  "definition": {
    "renderType": 0,
    "texture": "carbonreinforced_axe",
    "customModelName": "Normal",
    "name": "Steel Axe",
    "specialInfo": [],
    "creativeTab": {
      "value": "TOOLS"
    },
    "toolType": "Axe",
    "harvestLevel": 3,
    "efficiency": 8.0,
    "attackSpeed": 1.0,
    "enchantability": 21,
    "damageVsEntity": 10.5,
    "usageCount": 441,
    "blocksAffected": [],
    "hasGlow": false,
    "repairItems": [
      {
        "value": "CUSTOM:Steel"
      }
    ],
    "immuneToFire": false,
    "stayInGridWhenCrafting": false,
    "damageOnCrafting": false
  }
}