{
  "_fv": 34,
  "_type": "rangeditem",
  "definition": {
    "renderType": 0,
    "texture": "test",
    "customModelName": "Normal",
    "name": "Customrangeditem",
    "specialInfo": [],
    "creativeTab": {
      "value": "COMBAT"
    },
    "stackSize": 1,
    "ammoItem": {
      "value": "Items.ARROW"
    },
    "shootConstantly": false,
    "usageCount": 100,
    "actionSound": {
      "value": "entity.arrow.shoot"
    },
    "hasGlow": false,
    "animation": "bow",
    "enableMeleeDamage": false,
    "damageVsEntity": 1.0,
    "bulletPower": 2.0,
    "bulletDamage": 3.0,
    "bulletKnockback": 1,
    "bulletParticles": true,
    "bulletIgnitesFire": false,
    "bulletItemTexture": {
      "value": "Items.ARROW"
    },
    "bulletModel": "Default",
    "customBulletModelTexture": "spectral_arrow.png"
  }
}