{
  "_fv": 34,
  "_type": "potioneffect",
  "definition": {
    "effectName": "Void Venom",
    "icon": "drinkplaceholder.png",
    "color": {
      "value": -16777165,
      "falpha": 0.0
    },
    "isInstant": false,
    "isBad": true,
    "isBenefitical": false,
    "renderStatusInInventory": true,
    "renderStatusInHUD": true,
    "onActiveTick": {
      "name": "CustomPoison1OnEffectActiveTick"
    },
    "activeTickCondition": {
      "name": "CustomPoison1ActiveTickCondition"
    }
  }
}