{
  "_fv": 34,
  "_type": "fluid",
  "definition": {
    "name": "§1 Deep Dark Mud",
    "bucketName": "§1 Deep Dark Mud Bucket",
    "textureStill": "deepdarkwater",
    "textureFlowing": "deepdarkwaterflowing",
    "tintType": "Water",
    "canMultiply": true,
    "flowRate": 5,
    "levelDecrease": 1,
    "slopeFindDistance": 3,
    "spawnParticles": true,
    "dripParticle": {
      "value": "SCULK_SOUL"
    },
    "flowStrength": -0.5,
    "luminosity": 0,
    "density": 1000,
    "viscosity": 1000,
    "temperature": 300,
    "type": "WATER",
    "generateBucket": true,
    "textureBucket": "",
    "creativeTab": {
      "value": "MISC"
    },
    "emptySound": {
      "value": ""
    },
    "rarity": "COMMON",
    "specialInfo": [
      "The Liquid Vibrates Vigorously When Near Water"
    ],
    "resistance": 100.0,
    "luminance": 1,
    "lightOpacity": 15,
    "emissiveRendering": false,
    "tickRate": 10,
    "flammability": 0,
    "fireSpreadSpeed": 0,
    "colorOnMap": "BLACK",
    "frequencyOnChunks": 2,
    "spawnWorldTypes": [
      "CUSTOM:DeepDarkDimension"
    ],
    "restrictionBiomes": [
      {
        "value": "CUSTOM:SkulkPlainsBiome"
      }
    ]
  }
}