{
  "_fv": 34,
  "_type": "dimension",
  "definition": {
    "biomesInDimension": [
      {
        "value": "CUSTOM:SkulkPlainsBiome"
      }
    ],
    "worldGenType": "Normal world gen",
    "mainFillerBlock": {
      "value": "Blocks.SCULK"
    },
    "fluidBlock": {
      "value": "CUSTOM:DeepDarkMud"
    },
    "airColor": {
      "value": -16772590,
      "falpha": 0.0
    },
    "canRespawnHere": true,
    "hasFog": true,
    "isDark": true,
    "doesWaterVaporize": false,
    "sleepResult": "ALLOW",
    "hasSkyLight": false,
    "imitateOverworldBehaviour": false,
    "portalFrame": {
      "value": "Blocks.REINFORCED_DEEPSLATE"
    },
    "portalParticles": {
      "value": "SCULK_SOUL"
    },
    "portalLuminance": 0,
    "portalSound": {
      "value": "block.portal.ambient"
    },
    "igniterName": "Deep Dark Dimension Portal Igniter",
    "igniterTab": {
      "value": "TOOLS"
    },
    "texture": "heart_template",
    "portalTexture": "deepdarkportal",
    "enablePortal": true
  }
}