{
  "_fv": 34,
  "_type": "biome",
  "definition": {
    "name": "Maple Tree Forest",
    "groundBlock": {
      "value": "Blocks.GRASS"
    },
    "undergroundBlock": {
      "value": "Blocks.DIRT#0"
    },
    "underwaterBlock": {
      "value": ""
    },
    "grassColor": {
      "value": -6750208,
      "falpha": 0.0
    },
    "foliageColor": {
      "value": -3205874,
      "falpha": 0.0
    },
    "ambientSound": {
      "value": ""
    },
    "additionsSound": {
      "value": ""
    },
    "music": {
      "value": ""
    },
    "moodSound": {
      "value": ""
    },
    "moodSoundDelay": 6000,
    "spawnParticles": true,
    "particleToSpawn": {
      "value": "CUSTOM:MapleTreeLeavesFalling"
    },
    "particlesProbability": 0.5,
    "rainingPossibility": 0.69,
    "temperature": -0.5,
    "baseHeight": 0.1,
    "heightVariation": 0.2,
    "spawnBiome": true,
    "spawnBiomeNether": false,
    "spawnInCaves": false,
    "biomeWeight": 25,
    "grassPerChunk": 4,
    "seagrassPerChunk": 0,
    "flowersPerChunk": 4,
    "mushroomsPerChunk": 0,
    "bigMushroomsChunk": 0,
    "sandPatchesPerChunk": 0,
    "gravelPatchesPerChunk": 0,
    "reedsPerChunk": 0,
    "cactiPerChunk": 0,
    "treesPerChunk": 2,
    "vanillaTreeType": "Big trees",
    "treeType": 1,
    "minHeight": 7,
    "treeStem": {
      "value": "CUSTOM:MapleLog"
    },
    "treeBranch": {
      "value": "CUSTOM:MapleLeaves"
    },
    "treeVines": {
      "value": ""
    },
    "treeFruits": {
      "value": ""
    },
    "spawnStronghold": true,
    "spawnMineshaft": true,
    "spawnMineshaftMesa": false,
    "spawnPillagerOutpost": false,
    "villageType": "none",
    "spawnWoodlandMansion": false,
    "spawnJungleTemple": false,
    "spawnDesertPyramid": false,
    "spawnSwampHut": false,
    "spawnIgloo": false,
    "spawnOceanMonument": false,
    "spawnShipwreck": false,
    "spawnShipwreckBeached": false,
    "spawnBuriedTreasure": false,
    "oceanRuinType": "NONE",
    "spawnNetherBridge": false,
    "spawnNetherFossil": false,
    "spawnBastionRemnant": false,
    "spawnEndCity": false,
    "spawnRuinedPortal": "NONE",
    "defaultFeatures": [
      "Caves",
      "Ores",
      "TaigaGrassAndMushrooms",
      "PlainsTallGrass"
    ],
    "spawnEntries": []
  }
}