{
  "_fv": 34,
  "_type": "tag",
  "definition": {
    "type": "Entities",
    "items": [],
    "blocks": [],
    "functions": [],
    "entities": [
      {
        "value": "CUSTOM:SculkAntMod"
      },
      {
        "value": "CUSTOM:SculkBeetle"
      },
      {
        "value": "CUSTOM:SculkCorpseWalker"
      },
      {
        "value": "CUSTOM:SculkCreeper"
      },
      {
        "value": "CUSTOM:SculkSpider"
      },
      {
        "value": "CUSTOM:SculkStalker"
      }
    ],
    "biomes": [],
    "name": "sculk_enemies_grouping_tag",
    "namespace": "mod"
  }
}