{
  "_fv": 34,
  "_type": "livingentity",
  "definition": {
    "mobName": "Sculk Devourer",
    "mobLabel": "",
    "mobModelName": "Spider",
    "mobModelTexture": "sculk_spider_2_devourerer.png",
    "mobModelGlowTexture": "",
    "modelWidth": 1.4,
    "modelHeight": 0.9,
    "modelShadowSize": 0.5,
    "mountedYOffset": 0.0,
    "hasSpawnEgg": true,
    "spawnEggBaseColor": {
      "value": -13421569,
      "falpha": 0.0
    },
    "spawnEggDotColor": {
      "value": -52,
      "falpha": 0.0
    },
    "creativeTab": {
      "value": "MISC"
    },
    "isBoss": false,
    "bossBarColor": "PINK",
    "bossBarType": "PROGRESS",
    "equipmentMainHand": {
      "value": ""
    },
    "equipmentOffHand": {
      "value": ""
    },
    "equipmentHelmet": {
      "value": ""
    },
    "equipmentBody": {
      "value": ""
    },
    "equipmentLeggings": {
      "value": ""
    },
    "equipmentBoots": {
      "value": ""
    },
    "mobBehaviourType": "Mob",
    "mobCreatureType": "ARTHROPOD",
    "attackStrength": 3,
    "attackKnockback": 0.0,
    "knockbackResistance": 1.0,
    "movementSpeed": 0.3,
    "armorBaseValue": 2.0,
    "trackingRange": 64,
    "followRange": 16,
    "health": 25,
    "xpAmount": 0,
    "waterMob": false,
    "flyingMob": false,
    "guiBoundTo": "<NONE>",
    "inventorySize": 9,
    "inventoryStackSize": 64,
    "disableCollisions": false,
    "ridable": false,
    "canControlForward": false,
    "canControlStrafe": false,
    "immuneToFire": true,
    "immuneToArrows": false,
    "immuneToFallDamage": true,
    "immuneToCactus": true,
    "immuneToDrowning": false,
    "immuneToLightning": false,
    "immuneToPotions": false,
    "immuneToPlayer": false,
    "immuneToExplosion": false,
    "immuneToTrident": false,
    "immuneToAnvil": false,
    "immuneToWither": true,
    "immuneToDragonBreath": true,
    "mobDrop": {
      "value": "Blocks.SCULK_VEIN"
    },
    "livingSound": {
      "value": "entity.parrot.imitate.spider"
    },
    "hurtSound": {
      "value": "entity.spider.hurt"
    },
    "deathSound": {
      "value": "entity.spider.death"
    },
    "stepSound": {
      "value": "block.sculk.step"
    },
    "spawnParticles": false,
    "particleToSpawn": {
      "value": "SCULK_SOUL"
    },
    "particleSpawningShape": "Top",
    "particleSpawningRadious": 0.5000000014901161,
    "particleAmount": 2,
    "hasAI": true,
    "aiBase": "Spider",
    "aixml": "<xml xmlns=\"https://developers.google.com/blockly/xml\"><block type=\"aitasks_container\" deletable=\"false\" x=\"40\" y=\"40\"><next><block type=\"attack_entity\"><field name=\"insight\">TRUE</field><field name=\"nearby\">TRUE</field><field name=\"entity\">EntityPlayer</field><field name=\"condition\">null,null</field><next><block type=\"attack_on_collide\"><field name=\"speed\">1.2</field><field name=\"longmemory\">FALSE</field><field name=\"condition\">null,null</field><next><block type=\"attack_action\"><field name=\"callhelp\">FALSE</field><field name=\"condition\">null,null</field><next><block type=\"leap_at_target\"><field name=\"speed\">0.5</field><field name=\"condition\">null,null</field><next><block type=\"wander\"><field name=\"speed\">1</field><field name=\"condition\">null,null</field><next><block type=\"wander_avoid_water\"><field name=\"speed\">0.8</field><field name=\"condition\">null,null</field><next><block type=\"look_around\"><field name=\"condition\">null,null</field></block></next></block></next></block></next></block></next></block></next></block></next></block></next></block></xml>",
    "breedable": false,
    "tameable": false,
    "breedTriggerItems": [],
    "ranged": false,
    "rangedAttackItem": {
      "value": ""
    },
    "rangedItemType": "Default item",
    "spawnThisMob": true,
    "doesDespawnWhenIdle": true,
    "spawningProbability": 20,
    "mobSpawningType": "monster",
    "minNumberOfMobsPerGroup": 4,
    "maxNumberOfMobsPerGroup": 4,
    "restrictionBiomes": [
      {
        "value": "CUSTOM:SkulkPlainsBiome"
      }
    ],
    "spawnInDungeons": false
  }
}