{
  "_fv": 34,
  "_type": "biome",
  "definition": {
    "name": "Skulk Plains Biome",
    "groundBlock": {
      "value": "Blocks.END_STONE"
    },
    "undergroundBlock": {
      "value": "Blocks.SCULK"
    },
    "underwaterBlock": {
      "value": ""
    },
    "airColor": {
      "value": -16507619,
      "falpha": 0.0
    },
    "grassColor": {
      "value": -16507619,
      "falpha": 0.0
    },
    "foliageColor": {
      "value": -16507619,
      "falpha": 0.0
    },
    "waterColor": {
      "value": -16507619,
      "falpha": 0.0
    },
    "waterFogColor": {
      "value": -16507619,
      "falpha": 0.0
    },
    "ambientSound": {
      "value": ""
    },
    "additionsSound": {
      "value": ""
    },
    "music": {
      "value": "CUSTOM:deepdarkbiome.music"
    },
    "moodSound": {
      "value": ""
    },
    "moodSoundDelay": 6000,
    "spawnParticles": false,
    "particleToSpawn": {
      "value": "SCULK_SOUL"
    },
    "particlesProbability": 0.1,
    "rainingPossibility": 0.0,
    "temperature": -1.0,
    "baseHeight": 0.1,
    "heightVariation": 0.2,
    "spawnBiome": false,
    "spawnBiomeNether": false,
    "spawnInCaves": false,
    "biomeWeight": 10,
    "grassPerChunk": 0,
    "seagrassPerChunk": 0,
    "flowersPerChunk": 0,
    "mushroomsPerChunk": 0,
    "bigMushroomsChunk": 0,
    "sandPatchesPerChunk": 0,
    "gravelPatchesPerChunk": 0,
    "reedsPerChunk": 0,
    "cactiPerChunk": 0,
    "treesPerChunk": 0,
    "vanillaTreeType": "Default",
    "treeType": 0,
    "minHeight": 7,
    "treeStem": {
      "value": ""
    },
    "treeBranch": {
      "value": ""
    },
    "treeVines": {
      "value": ""
    },
    "treeFruits": {
      "value": ""
    },
    "spawnStronghold": true,
    "spawnMineshaft": false,
    "spawnMineshaftMesa": false,
    "spawnPillagerOutpost": false,
    "villageType": "none",
    "spawnWoodlandMansion": false,
    "spawnJungleTemple": false,
    "spawnDesertPyramid": false,
    "spawnSwampHut": false,
    "spawnIgloo": false,
    "spawnOceanMonument": false,
    "spawnShipwreck": false,
    "spawnShipwreckBeached": false,
    "spawnBuriedTreasure": false,
    "oceanRuinType": "NONE",
    "spawnNetherBridge": false,
    "spawnNetherFossil": true,
    "spawnBastionRemnant": false,
    "spawnEndCity": true,
    "spawnRuinedPortal": "NONE",
    "defaultFeatures": [
      "Caves",
      "Sculk"
    ],
    "spawnEntries": [
      {
        "entity": {
          "value": "EntityWarden"
        },
        "minGroup": 1,
        "maxGroup": 1,
        "weight": 4,
        "spawnType": "monster"
      },
      {
        "entity": {
          "value": "CUSTOM:SculkAntMod"
        },
        "minGroup": 4,
        "maxGroup": 6,
        "weight": 15,
        "spawnType": "monster"
      },
      {
        "entity": {
          "value": "CUSTOM:SculkCorpseWalker"
        },
        "minGroup": 2,
        "maxGroup": 3,
        "weight": 5,
        "spawnType": "monster"
      },
      {
        "entity": {
          "value": "CUSTOM:SculkCreeper"
        },
        "minGroup": 1,
        "maxGroup": 2,
        "weight": 5,
        "spawnType": "monster"
      },
      {
        "entity": {
          "value": "CUSTOM:SculkSpider"
        },
        "minGroup": 1,
        "maxGroup": 2,
        "weight": 5,
        "spawnType": "monster"
      },
      {
        "entity": {
          "value": "CUSTOM:SculkBeetle"
        },
        "minGroup": 4,
        "maxGroup": 4,
        "weight": 20,
        "spawnType": "monster"
      }
    ]
  }
}