{
  "_fv": 34,
  "_type": "recipe",
  "definition": {
    "recipeType": "Crafting",
    "xpReward": 0.0,
    "cookingTime": 200,
    "recipeRetstackSize": 1,
    "group": "",
    "recipeShapeless": false,
    "recipeSlots": [
      {
        "value": "Blocks.TNT"
      },
      {
        "value": "Blocks.TNT"
      },
      {
        "value": "Blocks.TNT"
      },
      {
        "value": "Blocks.TNT"
      },
      {
        "value": "Items.LEATHER_CHESTPLATE"
      },
      {
        "value": "Blocks.TNT"
      },
      {
        "value": "Blocks.TNT"
      },
      {
        "value": "Blocks.TNT"
      },
      {
        "value": "Blocks.TNT"
      }
    ],
    "recipeReturnStack": {
      "value": "CUSTOM:AlluahAkbarArmour.body"
    },
    "name": "tntshirthiderrecipe",
    "namespace": "mod"
  }
}