{
  "type": "minecraft:crafting_shaped",
  "pattern": [
    "012",
    "345"
  ],
  "key": {
    "0": {
      "item": "minecraft:diamond"
    },
    "1": {
      "item": "randomized_interesting_stuff_mod:echo_ingot"
    },
    "2": {
      "item": "minecraft:diamond"
    },
    "3": {
      "item": "minecraft:echo_shard"
    },
    "4": {
      "item": "minecraft:iron_helmet"
    },
    "5": {
      "item": "minecraft:echo_shard"
    }
  },
  "result": {
    "item": "randomized_interesting_stuff_mod:ancient_armor_helmet",
    "count": 1
  }
}