{
  "type": "minecraft:crafting_shaped",
  "pattern": [
    "012",
    "345",
    "678"
  ],
  "key": {
    "0": {
      "item": "minecraft:tnt"
    },
    "1": {
      "item": "minecraft:tnt"
    },
    "2": {
      "item": "minecraft:tnt"
    },
    "3": {
      "item": "minecraft:tnt"
    },
    "4": {
      "item": "minecraft:leather_chestplate"
    },
    "5": {
      "item": "minecraft:tnt"
    },
    "6": {
      "item": "minecraft:tnt"
    },
    "7": {
      "item": "minecraft:tnt"
    },
    "8": {
      "item": "minecraft:tnt"
    }
  },
  "result": {
    "item": "randomized_interesting_stuff_mod:alluah_akbar_armour_chestplate",
    "count": 1
  }
}