{
  "parent": "block/cube",
  "textures": {
    "down": "randomized_interesting_stuff_mod:blocks/placeholdertexturecraftingblocks",
    "up": "randomized_interesting_stuff_mod:blocks/placeholdertexturecraftingblocks",
    "north": "randomized_interesting_stuff_mod:blocks/placeholdertexturecraftingblocks",
    "east": "randomized_interesting_stuff_mod:blocks/placeholdertexturecraftingblocks",
    "south": "randomized_interesting_stuff_mod:blocks/placeholdertexturecraftingblocks",
    "west": "randomized_interesting_stuff_mod:blocks/placeholdertexturecraftingblocks",
    "particle": "randomized_interesting_stuff_mod:blocks/placeholdertexturecraftingblocks"
  },
  "render_type": "solid"
}